,Count,priority,issuetype,is_assigned,comment_count,link_count,affect_count,fix_count,has_priority_change,has_desc_change,has_fix_change,reporter_rep,assignee_workload
20,2,*5,1,1,  6, 0,0,1,0,*1, 1,0.33333333,10
1178,2,*1,1,1, 15, 0,1,1,1,*1, 1,0.76900585, 4
1196,2,*5,*2,0,  4, 0,1,1,0,0, 0,0.46511628, 8
1201,1,3,*6,1,  6, 0,0,1,0,0, 1,0.57142857,11
1267,1,3,*4,0,  1, 0,0,1,0,0, 0,0.86699507, 8
1278,1,3,4,1, 40, 1,1,*4,0,0, 1,0.64814815,16
1282,1,*5,1,1,  8, 0,2,2,0,0, 0,0.82978723,16
1285,1,*5,1,1,  4, 0,2,2,0,0, 0,0.82832618,16
1289,4,3,*1,*1, 40, 0,*0,3,0,0, 1,0.82211538,* 7
1290,2,3,1,1,* 74, 0,0,3,0,0, 1,0.82211538,* 7
1291,3,3,1,1,* 92, 0,0,3,0,0,* 1,0.82211538,* 7
1293,1,3,1,1,*108, 0,0,0,0,0, 2,0.82211538, 7
1404,2,3,1,1, 37,* 2,2,1,*1,0, 3,0.85546875,13
1420,1,4,*6,0,  1, 1,1,0,0,0, 0,0.62745098, 8
1662,5,*4,*7,*0,  5,* 2,0,0,0,*1, 0,0.73928571, 8
1672,1,3,*4,1,  9, 0,2,2,0,0, 0,0.83404255,14
2558,1,4,1,1,  2, 0,0,3,0,0, 1,*0.93750000, 6
2567,2,3,*2,1,  3, 0,1,1,0,*1, 0,0.40000000,13
2765,3,*1,*3,1,  4, 1,0,1,*0,0, 0,0.72188139,53
2777,1,3,*7,1,  1, 0,2,0,0,0, 0,0.80319149,17
2778,1,3,*7,1,  3, 0,2,2,0,0, 1,0.80319149,17
2779,1,3,*7,1,  2, 0,2,2,0,0, 1,0.80319149,17
2780,1,3,*7,1,  2, 0,2,2,0,0, 1,0.80319149,17
2781,1,4,*7,1,  2, 0,2,2,0,0, 1,0.80319149,17
2783,2,*2,*7,1,  9, 0,2,2,0,0, 1,0.80952381,13
2784,1,5,*5,1,  1, 0,0,0,0,0, 0,0.61111111, 5
2852,1,3,*7,1,  6, 0,2,0,0,0, 0,0.83898305,12
2872,3,3,4,*1,  1, 0,1,1,0,0, 0,*0.89285714,*92
2877,1,3,*7,1,  9, 0,2,3,0,0, 1,0.81151832,13
2904,2,3,*6,1, 17, 0,0,1,0,*1, 1,0.78356164,14
3013,1,*2,1,1, 11, 0,0,2,0,0, 2,0.80327869, 7
3202,1,4,1,1,  2, 0,0,2,0,0, 1,0.66666667,* 1
3211,1,3,1,0,  1,* 1,0,0,0,0, 0,0.86157518, 8
3339,1,4,1,0, 11, 1,0,0,*1,0, 0,0.88178914, 8
3344,1,4,1,1, 23, 0,1,4,*1,0, 2,0.33333333, 1
3446,4,*4,4,*0,*  0, 1,0,0,0,*1, 2,0.81927711,46
3827,2,3,2,1, 76,*11,0,2,0,*0, 2,0.90149254,20
3885,2,3,4,*0, 15, 2,1,0,0,0,* 5,0.60606061,15
3896,1,3,*2,0,  3, 0,1,0,0,0, 0,0.50000000, 8
4501,1,4,1,1, 19, 1,1,1,0,*1, 1,0.66666667, 6
4597,2,*1,*4,1, 22, 0,0,2,1,0, 3,0.85526316, 3
4601,1,*5,1,1,  2, 0,2,2,0,0, 0,0.82426778,16
4603,1,*5,1,1,  2, 0,2,2,0,0, 0,0.82500000,16
4627,1,*5,1,1, 11, 0,2,1,0,0, 2,0.84860558,15
4837,2,4,4,1, 14, 0,0,*3,*1,0, 1,0.50000000, 4
4871,1,4,4,1,  7, 3,0,1,0,1, 1,0.66666667,* 1
4999,1,*1,1,1,  4, 0,0,1,0,0, 0,0.85922330, 7
5923,5,*2,*7,1, 76,* 7,0,1,*1,*0, 3,0.89810526, 4
6021,1,3,4,*0,  5, 1,0,0,0,0, 1,0.75215146,46
6027,1,*2,1,1,  5, 0,3,3,0,0, 0,0.82426778,17
6028,3,3,*1,1,  8, 0,0,*3,0,0, 0,0.78089888,*22
6034,1,*5,1,1, 11, 0,1,2,0,0, 2,0.37500000, 4
6198,1,4,*6,1, 10, 0,0,0,0,0, 0,0.93362832, 8
6253,1,4,*6,1,  1, 0,0,0,0,0, 0,0.81122449,16
6270,1,5,*6,1,  1, 0,1,0,0,0, 0,0.72000000, 3
6273,3,*5,*6,1,  7, 0,*4,0,0,0, 0,0.74509804, 3
6295,2,4,4,*1,  2, 0,1,1,0,0, 0,0.72222222,*92
6379,1,3,*2,0,  2, 0,0,0,0,0, 1,0.85148515, 8
6381,1,3,*7,1,  6, 0,2,3,0,0, 1,0.81151832,13
6385,1,4,1,1, 16, 0,*4,4,0,0, 1,0.50000000,14
6418,1,3,*2,1,  9, 1,1,3,0,0, 1,0.70588235, 4
6419,1,3,*2,1, 16, 1,1,4,0,0, 2,0.72549020, 4
6420,4,*5,1,1,  4, 0,0,*4,0,0, 1,*0.57291667,*10
6423,1,4,*6,1,  3, 0,0,0,0,0, 0,0.93832599, 7
6424,1,4,*6,1,  3, 0,0,0,0,0, 0,0.93421053, 7
6626,2,*2,1,1, 28, 1,1,1,*1,0, 2,0.86330935, 9
6628,1,3,*7,1,  7, 0,2,3,0,0, 1,0.81250000,12
6629,1,*1,1,1,  8, 0,1,1,1,0, 0,0.80952381, 7
6760,1,*5,4,1,  5, 0,1,1,0,0, 1,0.50000000, 1
6852,1,4,*6,1,  8, 0,0,2,0,0, 1,0.78474114,13
6860,1,4,1,0,  4, 0,3,0,0,*1, 0,0.50000000, 8
6869,2,4,*3,1, 11, 0,0,2,0,*1, 1,0.77715877,13
7295,1,4,*7,1, 12, 0,3,3,0,0, 1,0.82051282,12
7296,1,3,*7,1,  1, 0,2,0,0,0, 0,0.81025641,14
7472,1,4,1,0,  2, 1,0,0,0,*1, 0,0.92173913, 8
8397,1,*1,1,1, 30, 3,1,2,1,0, 1,0.72000000, 6
9249,1,3,*2,1,  5, 0,1,1,0,0, 1,0.71743487, 7
9250,1,3,*4,0,  1, 0,1,0,0,0, 0,0.55555556, 8
9299,4,*4,4,1, 15, 1,*0,1,0,0,* 7,0.72727273,* 3
9300,1,4,4,1, 15, 1,0,0,0,0,* 8,0.72727273, 3
9387,1,5,*3,1,  3, 2,0,1,1,1, 0,0.93421053, 6
9388,3,*5,*3,1,  8,* 2,0,1,1,1, 0,0.93449782, 7
9389,1,3,1,1,*  0, 0,0,1,0,0, 0,0.86231884, 9
9398,1,*1,1,1, 19, 3,1,3,0,0, 2,0.72000000, 4
9399,1,*1,1,1, 20, 3,1,3,0,0, 2,0.72111554, 3
9485,1,*5,1,1,  2, 0,0,3,0,0, 0,0.77653631,23
9486,1,*5,1,1,  6, 0,0,3,0,0, 0,0.78212291,23
9490,1,3,*3,1,  1, 0,0,0,0,0, 1,0.86349970,33
9586,2,3,*7,1, 53,* 2,1,2,0,1, 1,0.50000000, 3
9631,1,4,4,1, 13,* 2,1,1,0,0, 0,0.75000000, 8
9919,2,*2,*4,1, 25, 0,2,2,1,0, 0,0.82758621,53
9962,1,3,4,1, 14, 0,0,0,0,0,* 4,0.81155779,14
9999,2,3,1,*1,  1, 0,1,1,0,0, 0,0.89285714,*92
10008,1,3,4,1, 14,* 2,0,1,0,1, 0,0.60869565, 2
10010,1,3,*6,1,  8, 0,0,2,0,0, 1,0.77183099,11
10012,1,3,1,1, 11, 1,1,1,0,0, 1,*0.33333333, 7
10018,2,*2,*3,1, 16, 1,1,1,1,1, 1,0.84848485,37
10039,1,3,*3,1, 36, 0,2,2,0,0, 2,0.75757576, 4
10040,1,3,*3,1, 36, 0,2,2,0,0, 2,0.73529412, 5
10043,1,3,*3,1, 36, 0,2,1,0,0, 4,0.76470588, 5
10045,2,3,*3,1, 37, 0,2,1,0,0,* 5,0.79411765, 5
10046,2,3,*3,1, 37, 0,*2,1,0,0, 5,0.82352941, 4
10058,3,3,1,*0, 16,* 2,2,0,0,0, 4,0.66666667,*18
10063,1,3,*6,1,  9, 0,0,1,0,0, 1,0.77183099, 4
10064,1,3,*6,1, 25, 0,0,4,0,0, 2,0.77437326, 3
10130,1,3,4,1,  9,* 2,0,0,0,0, 2,0.53947368, 5
10714,1,3,*6,0,  2, 0,0,0,0,0, 0,0.77437326, 8
10824,1,4,1,0,  4, 0,0,1,0,*1, 1,0.55555556, 8
10995,1,4,*3,1, 13, 0,1,2,0,0, 2,0.84220183, 2
11203,4,*3,4,1,*136,* 2,0,1,*3,0, 6,0.84778761, 2
11265,2,3,*4,1, 12, 0,*4,2,0,0, 1,0.69767442,17
11266,1,4,*6,0,  5, 0,0,0,0,0, 1,0.77437326, 8
11334,1,4,1,1,  8, 0,1,2,0,1, 1,*0.00000000, 1
11336,1,4,1,1,  8, 0,1,2,0,1, 1,*0.00000000, 3
11340,1,4,1,1,  9, 0,1,*4,0,1, 2,0.60000000, 2
11346,1,3,*3,1, 13, 1,2,1,0,0, 1,0.80555556,38
11347,1,*1,1,1,  5, 0,1,2,0,0, 0,0.75862069, 4
11348,1,*1,1,1, 10, 0,1,2,0,0, 0,0.82758621, 4
11434,1,3,1,1, 45, 1,*4,2,0,0, 1,0.77914110,12
11526,2,*5,1,1,  3, 0,1,0,0,0, 0,0.66666667,* 1
11538,1,3,1,1,  6, 0,*3,3,0,0, 1,0.72111554,54
11581,1,*2,1,1,  5, 0,1,2,0,0, 1,0.83333333, 3
11592,1,3,*6,1,  6, 0,0,0,0,0, 0,0.79076087,13
11593,7,*3,1,1,* 30, 0,*0,*4,0,0,* 1,*0.85779817,* 3
11595,2,*2,1,1,  6, 1,*3,2,0,0, 0,0.72023810,54
11641,9,3,*1,*1,* 22,* 3,*0,0,0,*0,* 0,*0.68421053,*10
11660,1,3,*4,0,  3, 0,0,1,0,0, 0,0.85918854, 8
11662,1,3,*6,0,  6, 0,0,0,0,0, 0,0.77472527, 8
11669,2,3,*3,1,*  0, 0,0,0,0,0, 0,0.59183673, 9
11748,2,3,1,*0,*  0, 1,1,0,0,0, 0,0.75215146,46
11750,2,*5,4,1,  4, 0,1,1,0,*2, 0,0.26666667, 5
11762,2,*5,4,1,  6, 0,1,1,0,*2, 0,0.45833333,14
11765,1,3,1,1,  8,* 1,2,2,0,0, 0,0.72134387,53
12336,2,*2,*4,1, 36, 0,0,1,1,0, 5,0.83934426, 2
12527,3,*4,*7,0,  1,* 2,0,0,0,0, 0,0.78260870, 8
12611,2,*5,*3,1,  7, 0,0,1,1,0, 1,0.78201635, 4
12613,2,*5,*3,1,  7, 0,0,1,1,0, 1,0.79076087, 4
13120,2,3,1,1, 17, 0,*4,2,0,1, 2,0.76470588,* 1
13966,2,4,*3,1, 22, 0,0,2,*1,0, 1,0.78201635,12
13967,1,4,*3,1, 26, 0,0,2,1,0, 1,0.78201635,12
14800,3,4,*3,*0, 39, 1,0,0,1,0, 2,0.90758048,*28
14837,3,*2,*7,1,  5, 0,0,1,*1,0, 0,0.85267857, 8
14843,1,3,*6,1, 28, 0,0,1,0,1, 1,0.85777778, 8
14845,1,*1,1,1,  2, 0,1,0,0,0, 0,0.90625000, 4
14887,1,3,*4,1,  7, 0,0,1,0,0, 1,0.86556604,10
14898,1,4,4,1,  3, 1,1,1,0,0, 0,0.80000000,* 1
14900,5,*2,1,*0, 20, 0,*3,*4,0,0, 2,*0.91124260, 8
14902,6,*2,1,*0, 25,* 1,2,2,*0,0,* 3,*0.91124260, 8
14922,2,*2,1,0, 27, 1,2,1,0,0, 4,*0.92607004, 8
14924,1,*2,1,1, 13, 0,2,2,0,0, 1,0.78125000, 6
14925,1,*2,1,1, 21, 0,2,4,0,0, 2,0.81250000, 6
14961,2,3,*2,1,  5, 1,0,0,0,0,* 0,0.84931507, 7
15262,1,3,4,1, 47, 2,0,1,0,*1, 1,0.77058824,13
15287,1,3,*2,1, 37, 1,0,0,0,0, 0,0.80769231,10
15294,1,3,*2,1, 39, 2,0,0,0,0, 0,0.88461538, 7
15349,1,3,1,1,  5, 0,0,1,0,*1, 1,0.86086957, 7
15361,2,*4,1,1,  9, 0,1,0,0,*1, 0,0.50000000, 5
15377,1,3,1,1,  2,* 3,0,1,0,0, 0,0.86026201, 8
15475,1,4,4,1, 55, 1,0,2,0,1, 2,0.50000000,* 1
15480,1,3,4,1,  8, 0,0,1,0,0, 1,0.50000000,* 1
15483,2,4,*2,1,  2, 0,1,1,0,0, 0,*0.20000000, 3
15485,5,*3,*1,1,* 18, 0,*1,2,0,0, 1,*0.71595331,52
16554,1,2,1,0, 16, 3,0,0,1,*2, 4,0.68421053, 7
16601,3,3,*7,1, 12, 0,*1,2,0,0, 0,0.83870968,* 2
16604,1,3,*7,1, 12, 0,1,2,0,0, 0,0.81818182, 3
16671,1,3,*7,1, 17, 0,1,2,0,0, 0,0.84285714, 8
16673,1,3,1,1,  9, 4,2,2,*2,0, 2,0.72373541,52
16676,1,3,1,*0,  1, 0,1,0,0,0, 2,0.72480620,52
16693,4,*3,*3,1,  5, 0,0,0,*2,0, 2,*0.33333333, 9
16695,1,*1,1,0, 24, 0,2,1,0,0, 1,0.86314526, 8
16698,2,*1,1,*0, 43, 0,2,2,0,0, 2,0.86270983, 8
16702,1,4,1,1, 14, 1,1,1,0,0, 2,*0.27272727, 4
16707,2,3,1,*0,  6, 0,0,*4,0,0, 1,0.86147186, 8
16715,1,3,*2,0,  8, 0,0,0,0,0, 2,0.50000000, 8
16730,2,*1,*7,1,  1, 0,0,1,1,0, 1,0.89743590, 4
16732,1,3,*2,0,  4, 0,1,0,0,0, 0,0.66666667, 8
16774,2,*2,1,1, 18, 0,0,4,*1,1, 3,0.72727273, 5
16783,1,*2,1,1, 11, 0,0,3,0,0, 1,0.87013764,32
16826,1,4,1,1,  5, 0,0,1,0,0, 1,0.60000000,* 2
16892,1,*1,1,1, 16, 0,1,2,1,1, 0,0.81818182, 4
16893,1,*1,1,1,  3, 0,1,2,0,0, 0,0.78787879, 4
16894,1,*1,1,1,  5, 1,1,2,0,0, 0,0.81818182, 4
16896,1,*1,1,1, 26, 1,1,2,0,0, 0,0.81818182, 3
16897,1,*1,1,1, 28, 1,1,2,0,0, 0,0.81818182, 3
16898,1,*1,1,1, 33, 1,1,2,0,0, 0,0.81818182, 3
16900,1,*1,1,1, 41, 1,1,2,0,0, 0,0.81818182, 3
16903,1,*1,1,1, 84, 1,1,2,0,0, 0,0.83333333, 6
16909,1,3,4,1, 28, 0,0,2,0,0, 2,*0.16666667, 3
16914,1,*2,1,1, 12, 1,1,2,0,0, 0,0.83448276,35
18035,1,*2,1,1, 14, 0,1,2,1,1, 1,0.51724138,10
18036,2,*1,1,0,  3, 0,1,2,0,*1, 0,0.90476190, 8
18041,2,*1,1,1, 11, 0,1,2,1,0, 3,*0.25000000,14
18051,1,*1,1,1, 22, 0,2,4,1,0, 1,0.47826087, 5
18062,6,3,*1,1, 70,* 4,*1,0,0,*0,* 0,0.54545455,* 2
18076,1,3,1,1,*110, 4,1,1,0,0, 1,0.63636364, 2
18081,2,3,1,1, 23, 1,*4,2,0,0, 1,*0.33333333,17
18082,3,*4,1,1, 18, 0,*1,2,0,0, 1,*0.66666667, 5
18086,1,4,*6,1,  1, 0,0,1,0,0, 0,0.57692308, 3
18094,1,3,1,1, 14,* 2,0,2,0,0, 1,0.87013764,32
18119,4,3,*2,0, 10,* 2,0,0,0,*1,* 0,0.87671233, 8
18179,1,3,1,1, 16, 0,1,2,0,*1, 1,0.78400000, 7
18409,1,3,7,1, 17,* 2,1,1,0,0, 1,0.77832512,27
18524,1,3,7,1, 30,* 6,0,1,0,0, 1,0.77142857,13
18955,1,3,*2,1, 26, 0,0,3,0,0, 5,0.88059701, 2
18968,1,*1,1,1,  3, 0,0,1,0,0, 1,0.88235294, 5
19023,2,*2,1,1, 15, 1,1,1,0,*1, 1,0.75095785, 7
19024,1,3,*3,1,  6, 0,0,2,0,0, 1,0.78400000,14
19033,1,*2,1,1, 10, 0,0,2,0,1, 0,0.85074627, 4
19035,1,*2,1,1, 15, 0,0,2,0,1, 0,0.86567164, 4
19413,1,3,4,1, 19,* 4,0,2,0,0, 2,0.88367347,12
19906,1,*5,1,0,  6, 0,0,0,1,0, 2,0.73754789, 8
19907,1,*2,1,1, 31, 0,3,3,0,1, 1,0.45833333, 5
19910,6,3,*1,1, 13, 0,*0,*4,0,*1, 1,*0.56521739,* 1
19911,8,*3,*1,*1, 14, 0,*0,*4,0,*1, 1,*0.56521739,* 1
19912,1,3,1,1, 22, 0,0,4,0,1, 1,0.60869565,* 1
19914,1,3,*6,0,  4, 0,0,2,0,0, 1,0.78571429, 8
19918,1,3,*6,0,  4, 0,0,0,0,0, 2,0.79015544, 8
19927,1,3,1,1, 14,* 2,3,3,0,0, 1,0.72972973,16
19929,1,3,*3,0,  1, 0,0,0,0,0, 0,0.78571429, 8
19932,1,3,*6,1,  5, 0,0,1,0,0, 1,0.78947368, 5
19984,1,3,7,1, 52,* 6,0,1,0,0, 2,0.84615385,20
19993,1,4,4,1,  7,* 2,1,0,0,0, 0,0.72727273, 3
20545,1,*2,1,1, 31, 1,1,1,1,1, 1,0.75000000, 7
20551,1,4,*2,0, 10, 0,1,0,0,0, 0,0.50000000, 8
20553,2,3,*4,1,  3, 0,0,0,0,*1, 0,0.78947368,14
20555,2,*1,*3,1,  4, 1,2,1,1,1, 1,0.73076923,49
20566,1,3,*4,1, 16, 0,2,3,0,0, 2,0.77777778, 3
20747,3,3,*2,*1,  3, 0,1,1,0,1, 0,0.72222222,*92
20748,1,3,*6,1,  3, 0,1,2,0,0, 1,0.83333333, 6
20749,2,4,*4,1, 13, 0,1,2,0,0, 1,0.52380952,* 2
20750,1,4,*4,1, 14, 0,1,2,0,0, 2,0.52380952, 2
20886,2,3,*3,1, 12,* 2,1,1,0,0, 1,0.86111111,15
21697,1,4,1,1,  4,* 2,0,1,0,0, 1,0.76923077, 9
21700,1,3,1,0,  5, 0,1,1,0,*2, 1,0.53125000, 8
21704,1,3,1,1, 11, 0,*5,4,0,0, 1,0.73745174,11
22038,2,3,*6,1,*  0, 0,0,0,0,0, 0,0.81840796,13
22040,1,3,*6,1,  4, 0,0,2,0,1, 1,0.79015544,17
22044,2,*5,1,*0,  7, 0,1,1,0,0, 1,0.50000000, 8
22046,1,3,*6,1, 16, 0,0,2,0,0, 1,0.79015544,17
22047,1,3,*6,1,  9, 0,0,2,0,0, 1,0.77979275,18
22048,1,3,*6,1, 10, 0,0,0,0,0, 2,0.79015544,17
22049,1,3,1,1,*  0, 0,0,1,0,0, 0,0.86288416, 9
22070,1,3,1,1, 32, 1,1,2,0,1, 1,0.50000000,* 1
22660,2,3,*2,1, 14, 0,0,2,0,*1, 1,0.80000000, 2
22828,1,3,*7,1,  2, 0,0,1,0,0, 0,0.86637931, 7
22834,2,*5,*5,0,  0, 0,1,0,0,0, 0,0.65000000, 8
22835,1,5,*5,0,  0, 0,1,0,0,0, 0,0.67500000, 8
22837,1,5,*5,0,  0, 0,1,0,0,0, 0,0.65116279, 8
22838,1,5,*5,0,  1, 0,1,0,0,0, 0,0.72093023, 8
22868,2,3,*2,1,*  0, 0,1,0,0,0, 0,0.44444444,14
22876,1,4,1,1, 10, 0,0,1,0,0, 1,*0.94396552, 6
22878,1,4,*4,0,  2, 0,1,1,0,0, 0,0.50000000, 8
22916,1,*2,1,1, 27, 0,3,3,0,0, 1,0.75478927, 8
22921,2,4,*2,1,*  0, 0,1,1,0,0, 0,0.40000000,13
22922,1,*1,1,1, 11, 0,1,2,1,1, 1,0.83783784,36
22930,2,4,*3,1,  3, 0,0,1,0,0, 1,*0.94893617, 6
22944,1,3,*6,1, 11, 0,2,2,0,0, 1,0.77380952,13
22946,1,*2,1,1, 12, 0,3,3,0,0, 1,0.85294118, 4
22947,2,*2,1,1, 14, 0,*3,3,0,0, 1,0.85294118, 4
22949,1,*2,1,1, 15, 0,3,3,0,0, 1,0.86764706, 4
22953,1,*1,1,1, 18, 0,1,2,1,0, 3,0.83333333,36
22959,1,3,*6,1, 14, 0,0,0,0,0, 0,0.80562660,16
22961,1,*1,1,1,  8, 1,3,3,1,0, 1,0.82666667,36
22962,1,*1,1,1, 13, 1,3,3,1,0, 1,0.82666667,36
22965,1,*1,1,1, 30, 1,2,2,1,0, 2,0.84000000,36
22970,1,*2,1,1, 13, 0,3,3,0,0, 0,0.83127572,18
22980,1,3,1,1, 19,* 2,0,1,0,0, 0,0.45000000, 6
23009,4,3,*2,*1,  1, 0,1,1,0,0, 0,*0.82608696,*92
23026,2,*2,1,1, 38, 0,1,2,*1,0, 1,0.82222222, 6
23032,1,3,1,1, 19, 0,1,2,0,1, 1,0.50000000,* 1
23042,1,*5,1,1,  4, 0,0,1,0,0, 1,0.33333333, 1
23044,2,*5,1,1,  3, 0,0,1,0,0, 1,0.66666667,* 1
23056,3,*1,*7,1, 16, 0,0,1,1,*1, 0,0.52500000,15
23060,1,4,1,0, 11, 0,0,2,*1,0, 1,0.81122449, 8
23064,2,*2,1,0,*  0, 0,1,1,0,0, 0,0.33333333, 8
23070,2,*2,1,0,  1, 1,1,1,0,*2, 0,0.66666667, 8
23086,1,3,4,0,*  0, 1,0,0,0,0, 0,0.81609195, 8
23135,1,3,*3,1,  7, 1,0,4,0,0, 1,0.86886228,30
23148,1,*2,1,1,  7, 0,2,2,0,0, 0,0.83265306,18
23157,4,*4,1,1,  3, 0,*4,*4,0,0, 1,*0.71875000, 6
23159,1,4,1,1,  5, 0,*4,4,0,0, 2,0.75000000, 6
23365,1,3,*4,1,  2, 0,1,1,0,0, 0,0.88571429, 5
23383,2,3,*7,0,  2, 0,*1,0,0,0, 0,0.82183908, 8
23564,4,3,*2,*1,  1, 0,1,1,0,0, 0,*0.89285714,*92
23589,7,*3,*1,*1, 14, 0,0,0,*1,*2, 0,*0.68421053,*10
23601,1,*2,1,1, 18, 0,1,2,0,0, 2,0.81290323,39
23603,1,*2,1,1, 34, 0,1,2,0,0, 2,0.81290323,39
23604,1,*2,1,1, 35, 0,1,2,0,0, 2,0.80769231,40
23605,1,*2,1,1, 35, 0,1,2,0,0, 2,0.80254777,42
23749,2,*2,1,1, 77, 0,1,4,0,0,*10,0.86607143,31
23751,1,*1,1,1,  2, 0,1,1,0,0, 0,0.90277778, 4
23914,2,*3,4,1, 17, 0,0,1,*2,0, 5,0.63235294,10
23932,4,3,*2,*1,  5, 0,*0,1,0,0, 0,0.54166667,*92
24671,3,*1,*3,1, 37, 2,0,1,*4,0, 4,0.89634146,33
24707,1,3,7,0,  1, 0,0,0,0,0,* 7,0.89097744, 8
24709,2,*4,1,1,  8, 0,2,*0,0,0, 0,0.73664122,47
24727,1,3,7,1,  2, 0,0,1,0,*1, 0,0.52500000,15
24731,1,3,*4,1, 10, 0,1,1,0,0, 0,0.83467742,18
24759,4,4,*6,*1,  1, 0,1,1,0,0, 0,*0.82608696,*92
24814,1,*2,1,1, 12, 2,0,2,1,0, 1,0.86917563,31
24823,1,*2,1,1, 59, 2,0,4,1,0, 2,0.87016081,32
24921,1,*5,1,1,  6, 0,0,0,1,0, 0,0.83365949,18
24928,1,3,1,1, 24, 0,2,1,0,*1, 1,0.66666667, 9
24932,2,*5,7,1,  2, 0,0,1,*1,0, 2,0.76616915,29
24940,1,4,*7,1,  6, 0,2,1,0,0, 1,0.65909091,13
24945,1,*2,1,1,  8, 0,2,2,0,0, 1,0.50000000,16
24951,1,4,*7,1,  8, 0,2,1,0,0, 1,0.65909091,13
24957,1,4,*7,1, 13, 0,2,1,0,0, 1,0.65909091,13
24963,2,3,*7,1,  8, 0,2,1,0,*1, 1,0.65909091,13
24968,1,3,*7,1,  9, 0,2,1,0,0, 1,0.55813953,13
24974,2,3,*7,1, 16, 0,2,1,0,*1, 1,0.65909091,13
24981,1,3,1,1, 32,* 2,1,1,0,0, 0,0.83534137,17
24988,2,3,*7,1, 21, 0,0,3,0,0, 1,*0.93750000, 7
24990,1,*4,1,1,  4, 0,1,2,0,0, 0,0.73106061,50
25012,1,3,1,1, 45, 1,1,*5,0,1, 4,0.40000000, 5
25103,1,3,1,1,  6, 0,0,*4,0,0, 1,0.76666667,16
25115,1,3,1,1, 11, 0,0,*4,0,0, 3,0.79687500,14
25245,1,3,1,1,  4, 0,1,*4,0,0, 1,0.76271186,17
25248,1,3,1,1,  4, 0,1,*4,0,0, 1,0.76666667,16
25266,1,3,1,1,  4, 0,1,4,0,0,* 9,0.81250000,13
25275,1,3,1,1, 17, 0,1,0,0,0,*12,0.80000000, 1
25280,3,3,1,*0, 28, 0,1,2,0,0,*13,0.80303030,* 1
25311,4,*4,4,*1,  1, 0,1,1,0,0, 0,*0.82608696,*92
25401,5,3,*2,1,  9, 0,*0,*0,0,0, 0,*0.75000000,* 2
25471,1,4,*6,1,  5, 0,0,2,0,0, 1,0.94514768, 6
26032,1,4,1,1, 17, 1,3,3,*1,0, 1,0.63809524,13
26043,4,3,1,1, 46, 0,*3,3,*1,0,* 6,0.50000000,* 1
26046,1,3,*4,1,  3, 0,0,1,0,0, 2,0.86279070,13
26049,1,*1,1,1,  7, 0,0,1,0,0, 0,0.86192469, 7
26050,3,*4,1,*0,  5, 0,0,4,0,*1, 1,0.86192469, 8
26053,1,3,*3,1,  7, 0,0,0,0,0, 0,0.73069680,51
26056,3,3,*3,*0,  5, 0,*4,0,0,0, 0,0.50000000, 8
26057,1,4,1,1,  3, 0,1,1,0,0, 1,*0.20000000, 3
26065,1,*2,1,1, 12, 0,0,3,0,0, 1,0.69565217, 9
26067,1,*2,1,1,  7, 0,0,0,0,1, 0,0.53488372,16
26068,1,3,*3,0,  1, 0,0,0,0,0, 0,0.50000000, 8
26109,1,4,4,0,  9, 0,0,0,*1,0, 0,0.81927711, 8
26115,2,3,*2,1,  3, 0,1,*5,0,0, 1,0.72881356,52
26116,2,3,*2,1,  3, 0,1,*5,0,0, 1,0.73069680,51
26117,1,3,*2,1,  3, 0,1,5,0,0, 1,0.73170732,52
26121,1,3,*2,1,  3, 0,1,5,0,0, 1,0.73644860,49
26131,1,3,*2,1,  4, 0,1,5,0,0, 2,0.73260073,48
26291,2,3,*2,1, 20, 1,1,3,0,0,*13,0.84581498,11
26334,1,4,1,1, 10, 0,*4,3,0,0, 1,0.85950413,18
26389,4,3,*2,*1,  1, 0,1,1,0,0, 0,*0.85294118,*92
26406,1,3,4,1, 24, 1,0,1,0,0, 1,*0.93951613, 7
26622,2,*5,*2,1,  3, 0,0,0,0,0, 0,0.80693069,17
26626,1,3,1,0,  5, 1,2,0,0,*1, 0,0.50000000, 8
26691,1,3,*7,1, 24, 0,2,1,0,0, 1,0.82302405,15
26694,2,*2,*6,0,  4, 0,1,0,0,1, 0,0.50000000, 8
26700,2,*2,1,1, 18, 0,3,3,*1,0, 3,0.69565217, 9
26887,1,*1,1,1, 40, 0,0,1,1,0, 4,0.86743044, 3
26889,1,3,1,1,  9, 0,*4,3,0,0, 1,0.84722222, 6
26893,2,*2,1,1, 23, 0,3,3,*1,0, 1,0.87500000, 5
26897,1,*2,1,1, 17, 0,3,3,0,0, 1,0.87500000, 5
26916,3,3,*7,1,  8,* 1,0,0,0,*1, 0,0.68421053,10
26925,2,4,1,1,  6, 0,1,3,*1,0, 1,*0.94166667, 6
27014,2,3,*7,1,  2, 0,0,1,0,0, 2,*0.96178344, 7
27019,1,4,4,1,  5, 1,0,1,0,0, 1,0.66666667,* 1
27110,1,*5,1,1,  9, 0,0,1,0,0, 1,0.83365949,18
27112,3,*4,1,*0, 13, 0,0,*4,0,0, 1,0.86363636, 8
27113,3,*4,1,*0, 16, 0,0,*4,0,0, 1,0.86363636, 8
27133,4,3,*7,1, 16,* 1,0,0,0,0,* 0,*0.68421053,10
27931,1,*2,1,1, 18, 0,1,4,1,1, 1,0.59090909, 2
27934,1,3,*4,1,  8, 0,3,3,0,0, 0,0.80769231,40
27939,2,3,*4,1, 13, 0,*3,1,0,0, 1,0.80503145,42
27941,2,3,1,0,  1,* 1,1,0,0,0, 0,*0.33333333, 8
27944,1,4,1,1, 13, 0,0,2,*2,0, 1,0.81021898,18
27960,1,3,*3,1, 38, 0,0,1,0,0, 0,0.81627907,15
28239,2,*5,*3,0,  1, 0,0,0,0,0, 0,0.81927711, 8
28249,2,3,*3,1,  5, 0,0,1,0,*1, 0,0.81145585,18
28539,1,3,*3,1,  8, 0,0,2,0,0, 1,0.81021898,18
28948,2,*2,1,1, 19, 1,0,1,*1,0, 2,0.60000000, 3
28967,1,3,1,1, 17, 0,0,*4,0,0, 1,0.80335731,18
28997,1,*5,1,0,  2, 0,1,0,0,0, 0,0.50000000, 8
28998,3,*4,1,1,  7, 0,0,*4,0,0, 1,0.53571429,* 7
29032,1,3,1,0,*  0, 0,0,1,0,0, 0,0.86310905, 8
29033,1,3,*7,1,  4, 0,0,0,0,0, 0,0.81113801,18
29038,1,3,*7,1,  3, 0,0,1,0,0, 1,0.80303030,10
29050,1,3,7,1, 18,* 2,0,1,0,0, 1,0.81944444,13
29054,1,5,*6,1,  7, 0,0,1,1,0, 1,0.81145585,28
29072,1,3,1,1,  9, 0,1,1,0,*1, 2,0.84920635,15
29079,1,*5,1,1,  9, 0,1,3,0,0, 2,0.50000000, 1
29090,1,3,4,*0, 48, 0,0,1,0,1, 1,0.50000000, 8
29501,1,3,*7,0,  1, 0,0,0,0,0, 2,0.88213400, 8
29507,3,3,*4,1, 12, 0,0,2,*1,0, 1,*0.16666667,11
29509,1,3,1,*0, 25, 0,0,1,0,0, 0,0.85655738, 8
29538,1,3,1,0, 12, 1,2,0,0,0,* 0,0.61538462, 8
29549,2,3,1,1, 10, 0,1,1,*1,1, 1,0.60000000,* 1
30109,3,*2,1,*1,  3, 0,1,1,1,0, 0,0.82608696,*92
30122,1,3,7,1, 35,* 2,0,1,0,0, 1,0.80851064, 7
30128,1,3,*6,1, 16, 1,0,3,0,0, 1,0.81516588, 6
30129,1,3,*4,1,  1, 0,0,1,0,0, 1,0.86342593,12
30142,1,4,*7,1,  8, 0,0,1,0,0, 1,0.62962963,15
30824,2,3,*2,0,  7, 0,0,0,0,0,* 0,0.84931507, 8
31406,2,*5,1,1,  3, 0,1,2,*1,0, 0,0.72426471,53
31416,1,3,1,*0,  3, 0,1,2,0,0, 0,0.72977941, 9
31421,1,3,*3,1, 11, 0,0,2,0,0, 1,0.81428571,16
31539,1,3,*7,1,  8, 0,0,1,0,0, 1,0.79411765,11
31563,2,3,*7,1, 16, 0,0,1,0,*1, 1,0.84210526,11
31575,1,3,4,1, 29, 0,1,0,0,*3, 0,0.00000000, 2
31577,2,3,4,1, 31, 1,1,0,0,*3,* 0,0.33333333, 2
31587,1,*2,1,1, 16, 0,0,3,0,0, 1,0.68421053,11
31588,1,3,1,1,*  0, 0,0,1,0,0, 1,0.87327189,10
31651,1,3,*7,1,  3, 0,1,1,0,0, 1,0.80104712,47
31655,1,3,1,1,  5, 0,*4,4,0,0, 1,0.85600000,17
31743,2,3,1,*1,  1, 0,1,1,0,0, 0,0.89285714,*92
31747,1,4,1,1,  5, 0,0,2,*1,0, 0,0.77033493,29
31993,2,*2,*4,1,  5, 0,0,1,0,0, 0,0.78873239,33
32006,1,3,7,1,  8, 0,0,1,0,*1, 1,0.81922197,18
32035,1,4,4,1,  5, 0,0,2,0,*1, 1,0.64285714,15
32045,2,3,*7,1,*  0, 0,1,1,0,0, 0,0.45833333,14
32046,2,4,*7,1,  6, 0,0,2,*1,0, 1,0.81176471,17
32054,1,3,4,1,*  0, 0,1,1,0,0, 0,0.45833333,14
32058,1,3,*3,1,  2, 0,0,2,0,0, 0,0.86956522, 9
32060,1,3,*3,1,  7, 0,0,2,0,0, 1,0.81030445,17
32078,1,3,7,1, 15,* 4,0,1,0,0, 0,0.79357798,28
32080,1,*2,1,0, 11, 0,3,0,0,0, 0,0.73913043, 8
32083,2,3,*7,1,  2, 1,*1,1,0,0, 0,0.85039370,14
32087,2,3,*7,1,  7, 0,0,1,0,*2, 1,0.81395349,18
32176,1,3,*2,0,  1, 0,1,0,0,0, 0,0.82608696, 8
32248,1,3,*4,0,  2, 0,0,0,0,0, 0,0.86270872, 8
32250,2,3,1,*0,  4, 0,0,0,0,0, 0,*0.68421053, 8
32253,1,3,1,0,  4, 0,0,0,0,0,* 0,0.73684211, 8
32556,4,3,*2,*0,  6,* 7,0,0,0,*0, 2,0.92391304,15
32563,1,3,1,1, 27, 0,*4,4,0,0, 1,0.25000000, 1
32659,1,4,*7,1,  3, 0,0,2,0,0, 1,0.81395349,18
32660,1,3,*7,0,  1, 0,0,0,0,0, 0,0.86992840, 8
32776,1,*5,1,1,  8, 0,0,3,1,0, 0,0.78403756,27
32784,1,4,*3,1,  5, 0,0,2,0,0, 1,0.81944444,16
32786,1,3,*7,1, 12, 0,3,3,0,0, 2,0.65486726,10
33309,1,3,*7,1,  3, 0,0,1,0,0, 1,0.81690141,10
33312,1,4,1,1, 12, 0,0,4,0,0, 1,*0.94308943, 8
33320,1,4,1,1,*  0, 0,1,1,0,0, 0,0.45833333,14
33329,1,*2,1,1,  8, 0,3,2,0,0, 0,0.80503145,42
33358,1,3,*4,0,  2, 0,0,0,0,0, 1,0.87315011, 8
34289,5,*4,*2,*1,  1, 0,1,1,0,0, 0,*0.85294118,*92
34345,3,3,*2,1,  5, 0,1,1,0,0, 0,*0.85294118,*92
34372,1,3,*6,0,  1, 0,1,0,0,0, 2,0.81927711, 8
34383,1,4,4,1,*  0, 0,1,1,0,0, 0,0.44186047,17
35442,1,*1,1,1, 18, 1,1,0,1,0, 2,0.73754789,32
35444,5,3,1,*0,*  5, 0,*1,*3,0,0, 1,*0.57142857, 8
35481,1,4,*6,1,  6, 0,0,3,0,0, 1,0.78125000,16
35482,1,4,*6,1, 11, 0,0,2,0,0, 2,0.79687500,15
35484,1,3,*6,1,  5, 0,0,0,0,0, 0,0.81839080,18
35487,1,3,*6,1,  6, 0,0,2,0,1, 1,0.81839080,18
35489,1,*5,4,0,  1, 0,2,0,0,0, 0,0.66666667, 8
35490,1,*5,4,1,  5, 0,2,3,0,1, 1,0.33333333, 1
35944,2,4,*6,1, 20,* 2,1,1,0,0, 1,0.54285714,11
35967,1,4,1,0,  6, 1,1,1,0,0, 0,*0.21739130, 8
35982,5,*5,1,*1,  3, 0,*0,1,0,0, 1,*0.12500000,*92
35989,1,3,1,0,  5, 0,0,0,0,*1, 0,0.50000000, 8
36016,1,4,*6,1, 20, 0,0,4,0,1, 1,0.51515152,11
36047,1,4,*3,1, 14, 0,0,2,0,0, 1,0.82191781,17
36049,1,4,*3,1,  9, 0,0,1,0,1, 1,0.82191781,17
36064,1,3,4,1,  5, 0,0,0,0,0, 0,0.60000000,* 1
36221,2,4,4,*0,  8, 0,0,0,0,0, 0,0.73076923,*20
36232,3,3,*7,1, 23,* 6,*1,1,0,0, 1,0.64406780,11
36242,1,3,7,1,  7,* 2,0,1,0,0, 0,0.77011494,13
36312,2,*5,*6,1,  7, 0,0,0,1,0, 0,0.83365949,18
36324,1,3,*3,1,  1, 0,0,0,0,0, 0,0.82460137,15
36325,1,*5,1,1,  4, 0,0,2,0,0, 0,0.78971963,27
36331,4,*2,1,*1,  6, 0,0,1,*1,0, 1,*0.20000000, 8
36390,1,*2,1,1, 14, 0,2,3,0,0, 1,0.81097561,40
36393,2,*5,1,1,  4, 0,*1,1,0,0, 0,0.86046512,17
36394,1,*5,1,1,  6, 0,1,3,0,0, 1,0.86153846,18
36453,4,*4,1,*1,  1, 0,1,1,0,0, 0,*0.85294118,*92
36463,1,*2,1,0,  5, 0,0,1,0,0, 1,0.60000000, 8
36488,1,3,7,1,  6,* 2,0,1,0,0, 0,0.80973451,23
36490,2,4,4,0,*  0, 0,0,0,0,0, 0,*0.33333333, 8
36495,1,3,4,1, 11, 0,1,1,0,0, 1,0.66666667,* 1
36497,1,*2,1,1,  9, 0,1,1,0,0, 0,0.84765625,14
36505,1,3,*7,1, 10, 2,0,1,0,0, 1,0.93227092, 8
36515,1,4,1,1,  1, 0,0,0,0,0, 0,*0.93307087, 9
36520,2,*4,*7,1,  8, 1,1,1,0,0, 0,0.85546875,13
36551,1,3,*7,1, 18, 1,1,1,0,0, 1,0.65151515,10
36552,3,*1,*3,1,  2, 0,0,1,*0,0, 0,0.73308958,32
36557,1,3,*2,1,  4, 0,1,1,0,0, 0,0.69565217,12
36785,1,3,*3,1,  5, 0,0,1,0,0, 1,0.82579186,18
36786,1,3,*7,1,  2, 0,0,1,0,0, 0,0.86943620, 4
36796,1,4,*3,1,  3, 0,0,1,0,0, 1,0.82579186,18
36799,2,*2,1,1,  1, 0,*3,0,0,0, 0,0.81212121,41
36805,1,4,*6,1,  4, 0,0,2,0,1, 1,0.82579186,18
36806,1,*2,1,1,  9, 0,0,3,0,0, 0,0.78240741,28
36807,1,*2,1,1, 13, 0,0,3,0,0, 1,0.78703704,28
36821,1,4,1,*0, 21, 0,1,2,0,0, 0,0.72776770, 8
36822,2,*4,1,*0, 24, 0,1,2,0,0, 0,0.72776770, 8
36926,1,4,1,0,  1, 0,1,0,0,0,* 4,0.85524126, 8
36958,2,*5,1,1, 21, 0,1,1,0,*1, 1,0.76923077, 3
36986,1,3,*4,1, 26, 0,0,1,0,0, 0,0.82758621, 8
36988,2,*1,*4,0,  1, 1,1,0,0,0, 0,0.50000000, 8
36989,1,*2,1,1,  8, 0,1,2,0,0, 1,0.78431373, 9
36991,1,*2,1,1,  9, 0,0,1,0,0, 1,0.55555556, 8
37144,2,*4,*7,1, 15, 1,1,2,0,0, 1,0.67808219,24
37155,9,*3,*1,*1,*  7,* 0,*0,*4,0,0,* 2,0.80555556,* 9
37159,8,3,*1,*1,* 19,* 0,*0,*4,0,0,* 3,0.81944444,* 9
37228,1,3,1,1, 32, 0,0,*6,0,0, 5,0.92222222,12
37239,1,3,1,1, 18, 0,1,2,0,0, 1,0.33333333,* 1
38218,1,3,*3,0,  2, 0,0,0,0,0, 0,0.89184500, 8
38223,2,*1,1,1, 71, 0,1,3,*2,1, 1,0.66666667,17
38227,2,*2,1,1, 16, 0,0,1,1,0, 1,*0.93625498, 7
38228,1,4,*6,1,  7, 0,0,2,1,0, 1,0.82247191,17
38698,1,3,1,1,  9, 0,1,2,*1,0, 1,0.83018868, 8
38749,1,3,1,1, 12, 0,1,2,0,*2, 1,0.82589286,18
38792,1,3,7,1, 34, 1,0,0,0,*2, 0,0.64285714, 7
38797,1,4,*6,1, 15, 0,0,1,0,0, 1,0.82705100,18
38799,1,3,*6,1,  5, 0,0,2,0,0, 1,0.82589286,18
38822,5,*4,1,*1,  1, 0,1,1,0,*1, 0,*0.82608696,*92
38825,1,*2,1,0,  5, 0,1,1,0,0, 0,0.65217391, 8
38921,2,3,*3,1,  7, 0,*1,2,0,0, 1,0.90470852, 6
38930,1,3,1,1,  1, 0,0,0,0,0, 0,0.66666667,* 1
38949,1,3,4,1, 25, 2,0,1,0,0, 0,*0.94615385, 3
39038,2,3,*5,0,  1, 0,1,0,0,1, 0,*0.00000000, 8
39039,3,*3,*5,0,*  2, 0,1,0,0,1, 0,0.50000000, 8
39040,1,3,*2,0,  1, 0,0,0,0,0, 0,0.50000000, 8
39044,1,4,*2,1, 16, 0,1,1,0,0, 1,0.62162162,10
39162,3,*1,4,1, 99, 2,1,3,*2,*1, 4,0.83892617,48
39176,3,*4,4,1, 16,* 3,0,1,0,0, 1,0.75000000,* 2
39179,1,*5,4,1,  4, 0,2,2,0,0, 1,0.68965517,14
39184,2,4,*3,1,  3, 0,0,1,*1,0, 1,0.82926829,17
39204,2,3,*2,1,  6, 0,0,1,0,0, 1,0.85714286,* 1
39216,1,*5,4,1,  1, 0,1,1,0,0, 0,0.44186047,17
39237,1,*5,4,1,  1, 0,1,1,0,0, 0,0.44186047,17
39249,2,4,*5,0,  1, 0,3,0,0,*1, 0,0.50000000, 8
39259,1,4,*2,0,  9, 0,0,1,0,0, 1,0.42857143, 8
39273,1,3,3,1, 17,* 8,0,2,0,4, 1,0.45000000, 4
39285,1,3,3,1, 17,* 8,0,2,0,4, 3,0.54166667, 4
39286,1,3,3,1, 17,* 8,0,1,0,4, 4,0.54166667, 4
39302,3,3,3,1, 23,* 7,0,0,0,*4,* 5,0.83333333, 6
39323,3,3,1,*1,  1, 0,1,1,0,0, 0,*0.82608696,*92
39339,2,3,*2,1,*  0, 0,1,1,0,0, 0,0.45833333,14
39341,1,4,*3,1,  5, 0,0,2,0,0, 1,0.83002208,17
39345,1,3,1,1,*  0, 0,1,1,0,0, 0,0.83653846,13
39348,1,4,1,1,  5, 0,1,0,0,0, 0,*0.33333333, 8
39416,2,3,4,*1,  1, 0,1,1,0,0, 0,0.72222222,*92
39420,1,4,*3,1,  6, 0,0,2,0,0, 1,0.83222958,16
39467,4,3,*7,1,* 93,* 1,1,1,0,*2, 1,0.50000000, 7
39480,3,*2,*4,1, 30, 0,0,2,*1,1, 0,0.72711268, 9
39495,3,*2,*7,1, 12, 0,0,2,*1,0, 1,0.72552448,50
40126,2,3,*3,1, 16, 0,2,2,0,0, 1,0.82932166,* 1
40141,2,4,1,1, 23, 0,0,2,*1,0, 1,*0.94676806, 7
40169,1,3,4,1,  9, 2,0,1,0,0, 1,*0.95094340, 3
40185,2,3,1,1, 14, 0,1,*0,0,0,* 7,0.79411765, 5
40186,3,3,1,1, 14, 0,1,*0,0,0,* 7,*0.82352941, 4
40203,1,3,*4,1, 20, 0,1,1,0,0, 1,0.86627566, 8
41134,1,*5,1,1,  5, 0,1,1,0,0, 0,0.85603113,12
41139,1,4,4,1, 15, 0,0,0,0,0, 0,0.75000000,* 1
41170,2,*1,4,1, 32, 1,0,1,1,0, 1,0.50000000,* 1
41182,1,4,*2,1, 27, 0,2,3,0,0, 5,0.66666667, 4
41184,4,*4,*7,*0,  8, 0,0,*4,0,0, 1,0.86746988, 8
41193,1,4,*7,0, 10, 0,0,2,0,0, 2,0.87169811, 8
41196,3,*4,*7,*0, 15, 0,0,2,0,0, 2,0.88345865, 8
41257,1,3,*2,1,  1, 0,1,1,0,0, 0,0.42857143, 7
41265,1,3,1,*0, 17, 1,2,0,0,0, 0,0.75000000, 8
41266,1,3,*2,1,  1, 0,1,1,0,0, 0,0.42857143, 7
41437,1,4,4,1,  6, 0,1,0,0,0,* 0,0.75000000,19
41452,3,3,4,*1,  1, 0,1,1,0,0, 0,*0.89285714,*92
41513,3,*2,1,1,  9, 1,1,2,*1,0, 1,*0.93359375, 7
41514,1,4,*5,0,  0, 0,0,0,0,0, 0,0.57142857, 8
41515,1,4,*5,0,  0, 0,0,0,0,0, 0,0.56818182, 8
41516,1,4,*5,0,  0, 0,0,0,0,0, 0,0.59090909, 8
41532,1,4,*5,0,  0, 0,0,0,0,0, 0,0.52380952, 8
41634,1,4,*5,0,  1, 0,0,0,0,0, 0,0.64245810, 8
41642,1,3,4,1, 32, 0,2,3,0,0, 1,0.60000000,* 1
41643,2,*5,*4,1,  4, 0,2,2,0,0, 0,0.72093023,50
41654,1,4,4,1, 10, 0,2,2,0,*1, 1,0.72711268,50
41927,1,3,*3,1,  3, 0,0,0,0,0, 0,0.92141350,39
41928,1,3,1,1,  9, 1,0,1,0,0, 1,*0.20000000, 4
41937,1,3,*3,1,  3, 0,0,1,0,0, 1,0.83187773,17
41943,2,3,*7,1,  4, 1,*1,1,0,0, 0,0.85823755,13
41944,1,*1,1,0,  3, 0,3,4,0,0, 0,0.90998043, 8
41945,1,*1,1,0,  7, 0,3,4,0,0, 0,0.90820312, 8
41946,1,*1,1,1,  9, 0,3,4,0,0, 0,0.90820312, 6
41947,1,*1,1,1,  9, 0,3,4,0,0, 0,0.91015625, 6
41948,1,*1,1,1, 20, 0,3,4,0,0, 0,0.91015625, 5
41949,1,*1,1,1, 31, 1,3,4,0,0, 0,0.90838207, 5
41950,1,*1,1,1, 33, 1,3,4,0,0, 0,0.90838207, 5
41951,3,*1,1,1, 39, 1,*3,4,*0,0, 0,0.90838207, 5
41952,3,*1,1,1, 40, 1,*3,4,*0,0, 1,0.90838207, 5
41953,1,*1,1,1, 42, 1,3,4,0,0, 1,0.90838207, 5
41954,1,*1,1,1, 46, 1,3,4,0,0, 1,0.90838207, 5
41955,1,*1,1,1, 50, 1,3,4,0,0, 1,0.91228070, 5
41961,2,*5,*6,1,  1, 0,1,1,0,0, 0,0.44186047,17
41978,1,4,*7,1,  6, 0,0,1,0,0, 1,0.82932166,18
42014,1,4,1,1,  5, 0,0,1,*1,0, 1,0.82969432,18
42028,1,*5,4,0,  1, 0,0,0,0,0, 0,0.50000000, 8
42514,2,4,4,1,*  0, 0,1,1,0,*1, 0,0.46666667, 6
43801,2,3,7,1,  3, 0,0,0,0,0,* 0,0.89483395,*76
43803,3,*2,1,0,  5, 0,*6,0,*1,0, 0,0.50000000, 8
43838,1,*5,4,1,  8, 1,0,1,0,0, 1,0.71428571, 3
43854,2,3,*7,1, 37, 1,0,1,0,0, 1,*0.33333333, 3
43855,1,3,1,1,*  0, 0,1,1,0,0, 0,0.83653846,13
43857,1,4,1,1,  2, 0,0,4,*1,0, 0,0.86614173, 7
43865,1,*1,1,1,  6, 0,0,1,0,0, 0,0.86123348,11
43943,2,*4,*7,1, 15, 0,0,1,0,0, 0,0.86029412,18
43947,2,*4,*7,1, 20, 0,0,1,0,0, 1,0.85611511,20
44328,1,*5,4,1, 12, 0,0,0,0,0, 2,0.86568915,34
45332,1,*1,1,1,  8, 0,0,1,1,0, 1,0.55172414, 6
45342,2,4,4,1, 12, 1,0,2,*1,*2, 0,0.72743363,51
45359,1,*5,1,1,  3, 0,0,1,0,0, 1,0.83010753, 4
45367,3,3,*4,1, 13,* 1,0,*4,0,0, 0,0.90838207, 5
45369,2,3,*4,1, 19, 1,0,*4,0,0, 0,0.90838207, 5
45381,1,*2,1,1, 13, 0,0,1,0,0, 0,0.58695652, 5
45385,1,4,1,1,  9, 0,0,1,*1,0, 1,0.83010753,18
45997,2,3,4,1, 60, 0,0,2,0,*1,* 8,0.89298044, 7
46018,1,3,1,1,  6, 0,0,1,0,1, 0,0.82608696,*92
46048,1,4,*3,1, 13, 1,0,1,0,0, 0,0.81800000,19
46056,1,4,*6,1,  5, 0,0,1,0,0, 1,0.82515991,19
46058,1,4,4,1,  5, 0,0,1,*1,1, 0,0.59090909, 5
46325,3,*5,*6,1,  7, 0,3,0,0,0,* 0,0.78305085, 8
46360,4,*4,1,*1,  1, 0,1,1,0,0, 0,*0.85294118,*92
46366,2,3,*6,1, 19,* 2,0,1,0,0, 0,0.82765957,18
46373,2,3,*7,1, 32, 0,0,1,0,0, 1,*0.28571429, 6
46416,2,5,*6,1,  6, 0,0,1,*2,0, 1,0.82515991,18
46457,2,5,*6,1, 13, 0,0,0,*2,0, 2,0.83365949,18
46458,1,4,*3,1,  6, 0,0,1,0,0, 1,0.82515991, 4
46460,1,4,*3,1, 17, 1,0,1,0,1, 1,0.82729211, 5
46901,2,4,*3,0,*  0, 0,0,0,0,0, 0,0.88604651, 8
47128,3,3,4,*1,  1, 0,*0,1,0,0, 0,0.72222222,*92
47204,2,*2,*6,1, 41, 2,1,1,1,1, 4,0.84280936,47
47214,1,3,*7,1,  5, 0,0,1,0,0, 0,0.87169811, 5
47219,2,3,1,0,*  0, 0,0,0,0,0,* 3,0.87593985, 8
47222,1,4,1,*0,  4, 0,1,0,0,0, 0,0.61538462,10
47254,3,4,*3,1, 13,* 2,0,1,0,0, 1,*0.85714286, 8
47274,6,3,*2,*1,  1, 0,*0,1,0,*1, 0,*0.82608696,*92
47277,1,4,4,1,  7, 1,0,1,0,0, 1,*0.94230769, 8
47279,2,3,*4,1, 10, 0,2,2,0,0, 0,0.79569892,* 7
47284,1,3,*4,1, 22, 0,2,2,0,0, 1,0.80645161, 7
47288,1,*5,4,1,  1, 0,0,1,0,0, 1,0.85682819,13
47290,2,*5,*3,1,  6, 0,0,1,0,0, 1,0.50000000, 5
47301,2,4,*6,1, 11, 0,0,1,0,*1, 1,0.82120582, 6
47309,1,3,1,1, 28, 0,3,3,0,0, 1,0.75000000,* 1
47313,1,3,*7,1, 13, 0,2,2,0,0, 0,0.78212291,49
47314,1,3,*7,1,  8, 0,0,2,0,0, 1,0.77966102,48
47315,1,3,*7,1, 16, 0,0,2,0,0, 1,0.78531073,47
47384,2,4,*6,1, 12, 0,0,3,0,0, 3,0.84113712,* 2
47414,1,3,4,1, 58, 1,0,1,0,0, 1,*0.95131086, 3
47416,3,4,*2,1,  1, 0,0,1,0,0, 1,*0.28571429,* 1
48550,1,*5,1,1, 15, 0,1,2,0,0, 4,0.57142857, 8
48554,1,3,1,0,  5,* 2,1,0,0,0, 0,0.75000000, 8
48573,2,3,*7,1, 27, 1,0,1,0,1, 1,0.66666667,* 2
48599,1,*1,1,1, 13, 1,2,1,1,0, 3,0.53968254, 4
48601,1,3,*3,1,  4, 0,0,2,0,1, 0,0.72552448,50
48602,1,3,*3,1,  4, 0,0,2,0,1, 0,0.72552448,49
49110,1,3,7,1,  4, 1,0,0,0,0, 0,*0.33333333, 9
49159,1,3,*7,1, 75, 1,1,2,0,0, 2,0.60000000, 2
49373,1,3,*3,1,  3, 0,0,1,0,0, 1,0.81262729, 9
49378,3,*2,*7,1, 18, 0,0,2,*1,0, 0,0.74345550,46
50905,1,3,*7,0,  2, 0,0,0,0,0, 1,0.81927711, 8
51079,2,4,*6,0,  1, 0,*1,0,0,0, 0,0.89413681, 8
51675,5,3,*2,1, 16,* 7,0,*0,0,*2,* 6,0.83333333,28
51712,1,*1,7,1,  6, 0,0,2,1,0, 2,0.78888889,47
51713,2,*1,*7,1,  6, 0,0,2,1,0, 2,0.78888889,46
51744,1,*1,7,1, 24, 0,0,3,1,0, 5,0.80628272,47
51745,2,3,*3,0,  1,* 1,0,0,0,0, 0,0.82008368, 8
51766,3,3,*3,1, 17, 0,0,2,0,*1,* 4,0.81376518,19
51775,4,3,*7,1, 27,* 5,*1,1,0,1, 0,*0.33333333, 9
51803,2,*1,*7,1, 41, 0,0,2,0,0, 1,0.82894737, 6
51940,2,3,1,1, 37, 2,*3,2,0,0, 4,0.66666667,* 2
51965,2,3,1,*0, 16, 0,*1,1,0,0, 1,0.85714286, 8
51998,2,3,1,1, 32, 1,3,3,0,0,* 8,0.86813187,* 2
52519,3,3,4,*0, 13, 1,0,0,*2,0, 3,0.81927711,* 3
52645,1,3,7,0,  1, 0,0,0,0,0,* 4,0.84399376, 8
52661,1,4,*6,1, 17, 0,0,2,0,0, 1,0.81854839, 3
52692,2,4,*3,1,*  0, 0,0,0,0,0, 0,0.82352941, 9
52710,4,*4,1,*1,  1, 0,1,1,0,0, 0,*0.82608696,*92
52743,2,*5,*3,1,  8, 0,0,1,0,0, 1,0.83561644, 8
52755,2,3,*7,1, 25,* 4,1,1,0,0, 1,0.66666667, 6
52763,2,*2,*7,1, 13, 1,1,1,0,0, 0,0.86651054,37
53597,1,3,1,1,  3, 0,1,1,0,0, 1,0.63636364,* 2
53598,1,3,1,1,  5, 0,1,1,0,0, 1,0.72727273,* 2
53672,1,*5,1,0,  3, 0,0,0,0,0, 1,0.74260870, 8
53718,4,3,*3,*0,  6,* 2,0,0,0,0, 3,0.85524126,* 2
53821,1,3,*2,0,  4, 0,0,0,0,0, 0,0.50000000, 8
53847,5,*1,1,*0,*102, 1,1,3,1,0, 5,*0.25000000,* 3
53849,3,4,4,1,  3, 0,0,*4,0,0, 1,*0.33333333,* 1
53906,2,3,1,1,  2,* 2,1,0,0,*1, 0,0.65000000, 9
54408,1,4,4,1, 10, 1,1,1,*1,1, 1,0.33333333, 5
55934,2,*5,4,1,  2, 0,1,*4,0,0, 0,0.87769784,18
56457,1,4,*3,1,  7, 0,0,0,0,0, 0,0.89870690, 7
56647,2,3,*2,0,  1,* 1,0,0,0,0, 0,0.76190476, 8
57171,1,4,*3,0,  1, 0,0,0,0,0, 0,0.90000000, 8
57601,2,3,*3,0,*  0, 0,0,0,0,0, 0,0.88837209, 8
57605,1,*5,1,1,  3, 0,1,3,0,0, 1,0.87769784,18
57612,1,*5,4,1,  9, 0,1,4,0,0, 0,0.87234043,18
57678,3,*4,1,*1,  1, 0,1,1,0,0, 0,0.89285714,*92
57682,1,4,1,1, 11, 0,1,1,0,0, 1,0.81352459,* 1
57688,2,3,*7,1,  7,* 2,1,1,0,0, 0,0.41666667, 7
57689,1,*5,1,0,  1, 0,0,0,0,0, 0,0.81481481, 8
58217,1,3,4,1, 64, 0,0,2,0,*3, 1,0.66666667, 3
58306,1,*2,1,1, 16, 0,0,2,1,0, 3,0.84269663,30
58309,2,3,1,1,  1,* 2,1,0,0,0, 0,*0.33333333, 3
58333,2,*5,*3,1,  3, 0,0,0,1,0, 0,0.82318271, 9
58765,1,3,1,0,  5, 0,0,0,*1,1, 0,0.73476703, 8
58771,1,3,*6,1,  5, 0,0,1,0,0, 1,0.81557377,10
58837,2,3,*3,1, 13, 1,1,1,0,0, 1,*0.33333333, 5
58851,2,*2,1,0,  8, 0,1,0,0,0,* 0,0.50000000, 8
59083,2,4,*6,0,*  0, 0,0,0,0,0, 0,0.89413681, 8
59180,3,*2,*7,1,  2, 0,1,2,*1,0, 1,0.90481586,32
59197,1,4,1,1, 12, 0,1,2,0,0, 3,0.75000000,* 2
59461,2,*2,*7,1,  6, 0,0,1,0,0, 2,0.83834586,30
60313,1,4,*6,1, 10, 0,1,2,0,1, 1,0.81466395,10
60314,1,4,*6,1, 12, 0,1,2,0,1, 1,0.81504065,10
60317,1,3,*4,1,  7, 0,0,1,0,0, 0,0.81034483, 9
60322,1,*5,1,1,  2, 0,1,3,0,0, 0,0.75285171, 9
60323,1,*5,1,1,  4, 0,1,3,0,0, 0,0.75285171, 9
60324,1,*5,1,1,  5, 0,1,3,0,0, 0,0.75665399, 9
60327,2,*3,1,0,  7, 0,0,0,*2,0, 1,0.56862745, 6
60545,1,3,*2,0,  1, 3,1,0,0,0, 3,0.83333333, 8
60558,1,3,*2,0,  1, 3,1,0,0,0, 3,0.83333333, 8
60571,1,3,*2,0,  1, 3,1,0,0,0, 3,0.83333333, 8
60591,1,3,*2,1,  2, 1,1,0,0,0, 3,0.83333333,28
60826,1,3,*7,0,  3, 1,0,1,0,0, 4,0.76027397, 8
60849,2,*2,1,0,  5, 0,0,1,*1,0, 1,0.86213992, 8
60923,2,3,*2,1,  1, 1,1,0,0,0, 3,0.81538462,* 2
60999,2,3,*2,1,  4, 3,1,0,0,0, 4,0.81538462,* 2
61071,1,3,*2,1,  2, 1,1,0,0,0, 3,0.78461538, 3
61265,3,*5,*4,*0,  2, 0,1,0,0,0, 0,0.66666667, 8
61276,1,3,1,1,*  0, 0,1,1,0,0, 0,0.82710280,17
61282,1,*1,1,1,  3, 0,0,1,0,0, 0,0.56000000, 6
61284,1,*5,1,1,  1, 0,1,1,0,0, 1,0.55555556, 4
61327,2,3,*4,1, 15, 0,*4,0,0,0, 0,0.43750000, 5
61331,1,3,1,1,  7, 0,0,1,0,*1, 1,0.50000000,14
61333,1,3,1,1,  1, 0,0,0,0,0, 0,*0.94636015, 3
61489,2,3,*6,0,*  0, 0,0,0,0,0, 0,0.89413681, 8
61498,1,3,*3,1, 14, 0,0,1,0,0, 1,0.61538462,16
61518,1,3,*3,1,  3, 0,0,1,0,0, 1,0.86565421,37
61531,1,4,*3,1, 10, 0,0,1,0,0, 1,0.82121807,11
61533,2,*5,*3,0,  1, 0,0,0,1,0, 0,0.81854839, 8
62876,2,3,*3,0,  6, 0,0,0,0,*1, 0,0.81673307, 8
62877,2,*5,*4,1,  7, 0,0,2,0,0, 0,0.82302405, 3
62878,2,*5,*4,1, 11, 0,0,2,0,0, 0,0.82161235, 4
62880,1,*5,4,1, 14, 0,0,2,0,0, 0,0.82675815, 3
62884,1,*5,1,0,  1, 0,0,0,0,0, 0,0.81854839, 8
62887,1,3,*7,1,  7, 0,0,1,0,0, 1,0.81081081,12
62890,1,4,1,1,  6, 0,1,1,*1,0, 1,0.50000000, 2
62891,3,*4,1,1,  7, 0,*1,*0,0,0, 0,0.71052632,11
62912,1,*2,1,1, 16, 1,0,2,0,0, 1,0.81938326,21
62923,1,3,*2,0,  2, 0,0,0,0,0, 0,0.50000000, 8
63281,1,3,4,0,  2,* 2,0,0,0,0, 1,0.79005525, 8
63407,1,3,1,1,  6, 0,1,0,0,0,* 0,0.66346154,27
63414,2,*5,*6,0,  1, 0,0,0,1,0, 0,0.81620553, 8
63421,2,*5,*3,1,  4, 0,1,2,0,0, 0,0.64393939,12
63436,1,4,*6,1,  2, 0,1,1,0,0, 0,0.46296296,20
63515,2,*5,1,*0, 16, 0,1,0,1,0, 2,0.86514886,13
63568,3,3,*3,*0, 11,* 2,0,2,0,0, 1,0.85463259, 8
63591,1,3,*6,0,  3, 0,0,0,0,0, 0,0.83945841, 8
63660,4,3,*2,*1,  1, 0,1,1,0,0, 0,*0.85294118,*92
63662,5,*2,1,1, 24,* 1,0,4,*0,*1, 2,0.84146341,*11
63663,1,*2,1,1, 28, 1,0,4,0,1, 2,0.84146341,11
63664,1,*2,1,1, 32, 1,0,4,0,1, 2,0.84146341,11
63665,1,*2,1,1, 34, 1,0,4,0,1, 3,0.84146341,11
63667,1,4,1,1,  1, 0,0,0,0,*1, 1,0.66666667,11
63737,2,*2,1,1, 12, 1,0,1,1,1, 1,*0.96507937,20
63738,1,*2,1,1,  4, 0,1,2,0,0, 1,0.33333333, 3
64071,2,4,*3,0,*  0, 0,0,0,0,0, 0,0.90113452, 8
64074,2,*2,1,0,  2, 1,0,1,*1,0, 1,0.81547619, 8
64537,1,4,1,0,  1, 0,0,0,0,*1, 0,0.89662921, 8
64539,1,*1,1,0,  3, 0,0,1,0,0, 0,0.85529158, 8
64542,1,*1,1,1, 10, 1,1,0,0,0, 1,0.61538462,16
64545,1,4,1,1,  5, 0,0,1,*1,0, 1,0.83333333, 8
64550,2,3,4,*1,  1, 0,1,1,0,0, 0,0.72222222,*92
64553,1,3,*6,1,  3, 1,0,2,0,0, 1,0.79234973,47
64554,2,3,*6,1,  3,* 1,0,2,0,0, 1,0.79234973,46
64579,2,3,*6,*0,  7, 1,0,0,0,0, 3,0.81443299,46
64581,1,4,4,1,*  0, 0,0,0,0,0, 0,0.45833333,14
64585,1,3,1,1,*  0, 0,1,1,0,0, 0,0.82710280,17
64596,1,3,*2,0,  4, 0,0,1,0,0, 1,0.40000000, 8
64605,1,*5,1,1,  3, 0,0,1,0,0, 1,0.83365949,18
64620,2,3,*2,1, 12, 0,0,2,0,0, 1,0.50000000,* 1
64764,1,3,1,1,*  0, 0,1,1,0,0, 0,0.82710280,17
64786,1,3,1,1, 20,* 2,0,2,0,0, 3,0.81656805,17
64791,3,*5,1,0,*  0, 0,1,0,0,0, 0,*0.07142857, 8
64793,1,*1,1,1,  5, 0,0,1,0,0, 0,0.85591398,11
64861,1,4,*3,1,  9, 0,0,1,1,0, 0,0.82593857, 3
65080,3,4,*3,1, 27, 1,3,*5,0,0,* 1,0.59090909, 2
65085,2,3,*3,0,  4,* 1,0,0,0,0, 0,0.81532417, 8
65088,2,4,1,1,  9, 0,0,1,*1,0, 1,*0.94676806, 3
65100,1,3,7,1, 13,* 2,0,1,0,0, 0,0.70000000, 8
65101,1,4,*2,1,  2, 0,0,0,0,0, 0,0.60000000, 2
65110,1,3,1,1,*  0, 0,1,0,0,0, 0,0.82870370,15
65111,1,3,*4,0,  4, 0,0,0,0,0, 0,0.82793867, 8
65429,1,3,7,1, 51, 2,2,3,0,0,*19,0.54237288,13
65431,1,3,7,1, 51, 2,2,3,0,0,*20,0.55932203,13
65432,1,3,7,1, 51, 2,2,2,0,0,*21,0.55932203,13
65436,1,3,7,1, 52, 2,2,1,0,0,*22,0.56666667,13
65438,2,3,7,1, 52, 2,2,*1,0,0,*22,0.58333333,12
65445,1,3,7,1, 52, 2,2,1,0,0,*22,0.57812500,14
65455,1,3,7,1, 53, 2,2,1,0,0,*24,0.61538462,13
65680,1,*2,1,0, 29, 0,1,0,1,0, 2,0.50000000, 8
65682,2,3,*3,0,  2, 0,0,0,0,*1, 0,0.82121807, 8
65902,2,4,*2,1,  4, 0,0,1,0,0, 1,0.50000000,* 1
66357,1,3,1,1,  5, 0,2,1,0,0, 1,0.50000000,* 1
66854,3,*5,*3,*0,  6, 0,0,0,1,0, 0,0.83365949, 8
66857,2,*5,*3,0,  3, 0,0,0,1,0, 0,0.83757339, 8
66925,1,3,1,1,  5, 0,1,2,0,*1, 0,0.78918919,46
66926,1,3,1,1,  6, 0,1,2,0,*1, 0,0.78918919,46
66931,1,*5,1,1,  6, 0,1,2,0,0, 1,0.62500000, 3
66977,1,3,*4,1, 17, 0,1,0,0,0, 0,0.83950617, 5
67012,1,3,1,1, 45,* 2,0,1,0,0, 1,0.77777778,16
67022,2,*5,*3,1,  8, 0,0,2,0,0, 1,0.50000000,14
67024,1,3,*7,1,  5, 1,3,2,0,1, 0,0.76515152, 7
67037,3,3,*7,1, 16, 1,3,3,0,*1, 3,0.78358209,* 2
67046,1,4,4,1, 13, 0,0,1,0,0, 1,*0.95149254, 4
67047,1,3,1,1,*  0, 0,0,1,0,0, 1,0.85470085,11
67087,3,*2,1,1, 17, 1,1,*0,0,1,* 6,0.35714286, 4
67140,1,*5,1,1,  3, 0,0,1,0,0, 1,0.86903376,34
67401,1,3,1,0,  4,* 2,0,0,0,0, 0,0.77142857, 8
67526,2,*5,1,1,  4,* 1,1,1,0,0, 0,0.57142857, 7
67527,2,*5,1,1,  6,* 1,1,1,0,0, 0,0.57142857, 7
67543,2,*5,1,1, 12,* 2,1,1,0,0, 1,0.56000000,10
67550,1,3,1,*0,  9, 0,2,3,0,0, 1,0.50000000, 8
67564,1,4,1,0,  1, 0,1,0,0,0, 0,*0.30434783, 8
67566,1,3,1,1,  8, 0,0,1,0,*2, 1,0.60000000,12
67574,1,*1,1,1,  4, 0,0,1,0,0, 0,0.87179487, 5
67577,1,4,1,1,  6, 0,3,3,0,*1, 0,0.89041096,16
67579,1,4,1,1, 15, 0,3,3,0,*1, 0,0.89726027,17
67591,1,4,4,1,*  0, 0,1,1,0,0, 0,0.46296296,20
67596,1,4,*6,1,  4, 0,0,1,0,0, 1,0.94756554, 4
67792,1,*2,1,1,  8, 0,2,2,0,0, 0,0.84814815,17
67811,1,3,4,1, 13, 0,0,3,0,0, 1,*0.95571956, 2
67902,1,4,1,1, 17, 0,2,0,*1,0, 0,0.42857143, 3
67909,1,4,1,1, 26, 0,2,1,*1,0, 1,0.44444444, 4
67931,1,4,4,0,  1, 1,1,1,0,0, 0,*0.30434783, 8
67932,1,3,*2,0,  1, 0,0,0,0,0, 0,0.50000000, 8
67961,1,4,*4,1, 14, 0,0,2,0,0, 1,0.83333333, 4
67965,1,4,4,1, 17, 0,0,2,0,0, 1,*0.94444444, 3
67973,1,3,*3,1,  9, 1,0,1,0,0, 1,0.86868100,34
67978,2,4,*3,1,  8, 0,0,1,0,*1, 2,0.83248731,34
67993,1,*1,7,1, 16, 0,0,2,0,0, 1,0.83263598,23
68362,3,3,1,*0, 35, 1,0,0,0,*1, 0,0.91012299,* 2
68363,1,3,*4,0,  1, 0,0,1,0,0, 1,0.85714286, 8
68370,1,4,4,1, 18, 0,0,1,0,0, 1,*0.95555556, 2
68375,1,3,*7,1,  9, 1,1,2,0,0, 1,0.67647059,12
68379,1,*2,1,1, 15, 0,1,2,0,0, 1,0.84615385,17
68381,1,4,*6,1,  7, 0,0,1,0,0, 1,0.83789062,14
68400,1,4,1,1,*  0, 0,1,1,0,0, 0,0.46296296,20
68402,1,3,*6,1,  6, 1,1,2,0,0, 0,0.91216216,16
68407,2,3,*4,1,  7, 0,1,2,0,*1, 0,0.91390728,13
68413,1,*1,1,1, 29, 0,1,2,1,0, 1,0.66666667,14
68507,1,4,1,1,  6, 0,0,1,*1,0, 1,0.77777778, 2
68512,1,3,1,1,*  0, 0,0,0,0,0, 0,0.82870370,15
68540,1,3,*7,1, 41, 0,1,3,0,0, 2,0.82233503,40
68543,2,3,*7,*0,  2, 0,1,0,0,0, 1,0.79255319,49
68602,3,*2,1,1, 22, 3,0,1,*1,0,* 1,0.55555556,12
68649,4,*4,4,*1,  1, 0,1,1,0,0, 0,*0.85294118,*92
68651,2,*5,1,1,  3, 1,0,1,0,0, 1,0.60000000,* 1
68656,2,3,*4,1, 16, 0,1,1,0,*1, 0,0.85401460,17
68932,2,*2,*7,1, 29, 1,0,1,1,1, 2,0.86252772,15
69154,1,3,*7,1, 67, 2,0,1,0,0, 2,0.87855297, 6
69198,1,3,1,*0,  5, 0,1,2,0,0, 1,0.66666667, 8
69202,1,3,1,1, 22, 0,1,2,0,0, 1,0.70000000,* 1
69214,1,*5,1,1,  2, 0,1,1,0,0, 1,0.40000000, 2
69235,1,4,4,1, 35, 1,0,1,*1,0, 1,0.73529412,15
69275,1,*2,1,0, 22, 1,1,1,0,0, 1,0.88888889, 8
69407,2,3,1,1, 47, 1,1,*4,0,0,* 2,0.79069767, 8
69545,1,3,1,*0, 10, 0,1,0,0,0, 1,0.80319149,48
69550,1,4,4,1, 32, 0,1,2,0,0, 1,0.66666667,* 1
69553,1,*5,1,1, 11, 0,0,3,1,0, 1,0.33333333, 1
69556,1,*5,4,1,  2, 0,0,1,0,0, 1,0.86933798,33
69622,1,*1,1,0, 25, 1,1,0,0,1, 3,0.50000000, 8
69627,2,4,1,1,  9, 1,*4,1,*1,0, 2,0.50000000, 3
69628,2,4,1,1, 10, 1,*4,1,*1,0, 2,0.66666667, 3
69634,2,3,1,1,  5, 0,0,2,0,*1, 1,0.83689320,* 1
69641,1,*1,1,1,  6, 0,1,2,1,0, 2,0.83333333, 7
69645,1,*1,1,1, 14, 0,1,3,1,0, 3,0.82352941, 8
69649,1,*1,1,1, 17, 0,1,3,1,0, 3,0.82608696, 8
69651,1,*1,1,1, 37, 0,1,3,1,0, 4,0.82857143, 9
69814,3,*5,*3,0,*  0, 0,1,1,0,0, 0,0.80000000, 8
69815,3,*5,*3,0,*  0, 0,1,1,0,0, 0,0.80000000, 8
69816,3,*5,*3,0,*  0, 0,1,1,0,0, 0,0.80000000, 8
69817,3,*5,*3,0,*  0, 0,1,1,0,0, 0,0.80000000, 8
69874,1,3,1,1, 11, 0,0,1,0,0, 1,0.86050725,* 2
69888,2,4,*2,0,  5, 0,1,1,0,0, 0,*0.17391304, 8
69893,2,3,1,1, 10, 0,3,3,*1,0, 1,0.50000000,* 1
69899,1,3,4,1, 19, 0,0,2,0,*1, 2,0.83892617, 6
69902,1,*2,1,1, 11, 0,1,3,0,0, 1,0.82352941, 9
69903,2,3,4,1,  7, 0,0,2,*1,0, 1,0.50000000,* 1
69916,1,3,*4,1, 37, 0,1,3,0,0, 2,0.85915493, 8
69947,1,3,4,1, 66, 1,1,3,0,*1, 2,0.82323232,42
69956,3,3,*7,1,  9,* 2,0,1,0,0, 1,0.84444444,* 1
70349,1,3,1,1,  9, 0,0,3,0,0, 1,*0.33333333, 4
70350,1,3,*6,1,  4, 0,0,1,0,0, 1,0.83720930,14
70356,1,3,4,1, 12, 0,1,3,0,*2, 2,0.83946488, 4
70384,1,*5,1,1,  2, 0,0,1,0,0, 0,0.82905983,23
70415,1,3,7,1, 15,* 2,0,1,0,0, 1,0.88235294, 7
70423,1,3,4,1, 26, 0,1,3,0,*2, 1,0.50000000, 5
70427,1,3,1,1,*  0, 0,0,0,0,0, 0,0.83870968,14
70449,1,4,*3,1,  1, 0,0,1,0,0, 1,0.86948956,33
70460,1,*2,1,1, 14, 0,1,3,0,0, 2,0.40000000,14
70463,1,4,*6,1,  3, 0,0,0,0,0, 0,0.84139265,15
70569,1,3,4,1, 43, 0,1,1,0,1,* 0,0.69662921,14
70953,3,3,*7,1, 37,* 1,1,1,0,*2, 1,0.65384615, 5
70954,1,3,7,1, 37, 1,1,1,0,*2, 1,0.65384615, 6
71339,1,3,*7,1, 11, 0,0,0,0,0, 0,0.80000000, 5
71347,1,3,*7,1, 21, 0,0,2,0,0, 2,0.50000000, 3
71368,1,3,7,1,  1,* 2,0,1,0,0, 1,0.65384615, 3
71376,2,3,4,1, 10, 1,0,3,0,0, 1,*0.95940959,* 1
71411,1,4,1,1,  6, 0,1,1,0,*1, 1,0.55555556, 4
71412,1,*2,1,1,  2, 1,3,2,0,0, 1,0.91946309,17
71416,1,*5,4,1, 12, 0,3,3,0,0, 1,0.59259259, 4
71422,1,4,*2,0, 11, 0,0,0,0,1, 0,0.60000000, 8
71495,1,4,1,1, 12, 0,3,3,0,0, 1,0.66666667,* 1
71523,2,*2,1,1, 36, 0,2,3,0,*1, 1,0.85198556,16
71526,3,*2,1,1, 49, 0,2,3,*0,*1, 1,0.85198556,15
71528,2,*2,1,1, 65, 0,2,3,0,*1, 1,0.85251799,16
71530,1,3,1,1, 13, 0,1,3,0,0, 1,0.50000000,* 1
71534,1,3,*4,0,  2, 0,0,0,0,0, 0,0.66666667, 8
71535,1,4,1,1,  6, 0,0,1,0,0, 1,0.84848485,* 1
71536,3,*4,1,1, 18, 0,0,*5,0,0, 2,0.87878788,* 1
71538,3,3,*4,1, 13, 0,2,3,0,*1, 1,0.80000000,* 7
71540,1,3,*4,1,  2, 0,2,0,0,0, 0,0.80000000, 7
71543,2,*5,1,1,  6, 0,0,1,0,0, 1,0.83333333,* 1
71545,1,3,1,1,  4, 0,1,1,0,0, 1,*0.94736842, 2
71569,1,3,*7,1,  2, 0,1,1,0,0, 1,0.86991870, 5
71571,1,4,1,1,  6, 0,0,1,0,0, 1,0.66666667,* 1
71948,1,3,*4,1,  3, 0,1,0,0,0, 2,0.86071429,16
71950,1,*5,1,1,  3, 0,0,3,0,0, 1,0.67153285,12
71951,1,*5,1,1,  8, 0,0,3,0,0, 1,0.67883212,12
72066,2,*5,*3,1,  9, 0,0,0,1,0, 0,0.89351082, 9
72099,1,3,*3,1,  1, 0,0,1,0,0, 0,0.85596708,11
72814,1,3,1,1,*  0, 0,0,1,0,0, 1,0.86680761,11
72818,1,*2,1,1,  6, 1,0,1,0,0, 1,0.77419355,15
72831,1,3,1,1,  7, 0,0,2,0,0, 1,*0.95970696, 2
72832,1,3,1,0,  1, 0,0,0,0,*1, 0,0.84200385, 8
72876,3,*5,4,1,  3,* 2,0,0,0,0, 0,0.77777778,* 1
72877,1,3,1,1,  4, 0,0,1,0,0, 1,*0.95238095, 2
72884,1,3,1,1, 25, 1,1,2,0,0, 1,0.42857143,* 1
72977,2,4,*7,1, 37, 0,0,1,0,0, 1,*0.93406593,13
72978,7,*4,*1,1,  8, 0,*0,*5,0,0,* 0,*0.84833333,* 2
72996,1,*2,1,0, 22, 0,0,4,0,0, 1,0.56140351, 8
72999,3,*2,1,1, 35, 0,0,*4,0,0, 1,*0.59649123,15
73004,1,*1,1,0,  2, 0,0,0,0,0, 1,0.85524126, 8
73059,2,*2,1,1, 12,* 2,0,2,0,0, 1,0.77777778,16
73080,4,2,1,*0, 55, 1,1,*3,*2,*2, 2,0.50000000, 8
73082,1,4,1,0,  4, 0,1,1,0,*1, 1,0.50000000, 8
73223,4,*2,1,1,*122,* 5,0,2,1,0,* 1,0.91348737, 3
73224,1,*4,1,1,  3, 0,1,3,0,0, 1,0.67391304,12
73246,3,3,*7,1, 36,*10,0,1,0,*0, 1,0.56250000, 9
73247,1,3,1,1,  5, 0,0,1,0,0, 1,0.84615385,* 1
73248,1,*5,4,1,  2, 0,0,1,0,0, 1,0.89832467,32
73383,1,3,*3,1,  9, 0,2,0,0,0, 0,0.81818182,11
73421,2,3,1,1, 14, 1,1,1,0,*1, 2,*0.95569620, 9
73436,3,*3,1,1, 33,* 2,3,3,*2,0, 1,0.84629981,11
73438,1,3,1,1,  7, 0,0,4,0,*1, 1,0.84291188,14
73442,4,3,*4,1,  5, 0,0,*3,0,0, 0,*0.84931507,* 7
73457,1,3,1,1,  5, 0,*4,3,0,0, 0,0.77819549, 8
73469,1,3,1,1, 21, 0,0,4,0,0, 2,*0.28571429, 3
73487,2,3,*7,1,  3, 3,*1,1,0,0, 0,0.91772152,10
73516,2,3,1,1, 18, 1,0,*5,0,0, 1,*0.95985401, 3
73604,1,3,*7,1, 39, 0,0,2,0,0, 1,0.86138614, 9
73803,1,3,*7,1, 10, 0,0,2,0,0, 1,0.86885246,22
73913,1,3,*7,1,  9, 0,0,2,0,0, 1,0.87662338, 4
73918,1,3,*7,1,  9, 0,0,2,0,0, 1,0.82591093, 5
73993,1,3,*7,1, 21, 0,0,1,0,0, 1,0.85148515,11
73995,1,*2,1,1,  9, 1,0,2,0,0, 1,0.81781377, 2
74057,1,3,1,1,*  0, 1,0,0,0,0, 0,0.42857143, 5
74067,1,3,4,*0,  7, 3,1,1,0,0, 0,0.91139241, 8
74178,1,3,*7,1, 16, 0,0,2,0,0, 1,0.87987013,19
74189,2,*4,*2,1,  4, 0,0,0,0,0, 0,0.90057471,31
74192,3,4,*4,1,  5, 0,*1,*3,0,0, 1,0.63636364, 3
74194,1,*2,1,0,  2, 0,1,0,0,1, 0,0.50000000, 8
74196,2,*5,*4,1,  8, 0,2,2,0,0, 0,0.85000000,16
74197,2,*5,*4,1,  9, 0,2,2,0,0, 1,0.85000000,16
74198,1,*5,4,1, 11, 0,2,1,0,0, 2,0.86071429,16
74290,1,4,1,1,  4, 0,1,3,0,0, 1,0.69230769,* 1
74297,1,3,1,1, 16, 0,1,3,0,*2, 1,0.80000000, 3
74388,1,*2,1,1, 64, 2,1,1,1,0, 1,0.81592040,43
74398,3,3,4,*1,  1, 0,1,1,0,0, 0,*0.89285714,*92
74409,3,*2,1,0,  3, 0,1,0,*1,*1, 2,0.85289256, 8
74431,1,3,7,1,  4,* 2,0,3,0,0, 1,0.77500000,16
74435,1,4,*2,1,  5, 1,0,2,0,1, 0,0.89261745,16
74451,3,*4,7,1, 11,* 2,0,1,0,*1, 2,0.89102564,19
74474,2,4,1,1,  3, 0,*4,0,0,0, 0,0.78494624,* 2
74497,2,3,*2,0,  5, 0,0,0,0,0, 0,*0.94736842, 8
74498,1,5,*3,1,  3, 0,0,2,0,0, 1,0.75000000, 1
74522,4,*4,4,*1,  1, 0,1,1,0,0, 0,*0.82608696,*92
74558,3,*2,*3,1, 36, 2,0,1,1,0, 2,*0.95563140, 3
74559,1,*5,1,0,  4, 0,1,0,0,0, 0,0.50000000, 8
74561,2,4,*3,1,  7, 0,0,1,0,0, 0,*0.94964029, 3
74687,2,3,*2,0,  9,* 5,2,0,0,0, 0,0.81904762, 8
74738,2,3,*7,1, 35, 1,0,1,0,0, 1,*0.95138889,10
74745,1,3,4,1, 24, 0,0,1,0,0, 0,*0.94326241, 4
74746,1,4,1,0,  1,* 1,1,0,0,0, 0,0.50000000, 8
74750,1,4,1,1,  6, 0,1,0,0,0, 0,0.87500000,* 1
74759,3,4,1,*0, 19, 0,0,0,*1,0,* 4,0.70930233,13
74760,1,3,*6,1,  5, 0,0,2,0,0, 1,0.87500000, 4
74761,1,3,*6,1,  5, 0,0,1,0,0, 1,0.84000000, 4
74762,1,3,*6,1,  6, 0,0,1,0,0, 1,0.84410646, 4
74764,6,*4,*1,1, 11,* 1,*1,*3,0,0,* 0,0.50000000, 5
74766,2,*4,1,1, 14,* 1,1,3,0,0, 1,0.50000000, 5
74789,2,*5,*3,1,  5, 0,0,1,0,0, 1,0.50000000, 8
74826,1,*2,1,1, 18, 0,1,3,0,1, 1,0.84410646,15
74827,1,*2,1,1, 32, 0,1,3,0,1, 1,0.84600760,14
74829,1,3,*3,1, 14, 0,0,3,0,0, 1,0.84410646,15
74831,2,3,1,0,*  0, 1,1,0,0,0,* 0,0.50000000, 8
74833,1,4,*6,0,  1, 0,0,0,0,0, 0,0.84410646, 8
74867,2,3,1,1, 61, 2,*5,3,0,0, 2,*0.33333333,11
74939,1,3,1,1, 26, 0,2,3,*1,0, 2,0.50000000, 3
75687,1,*2,1,0,  5, 1,1,0,0,0, 0,0.73476703, 8
75694,1,*2,1,1,  8, 1,0,1,0,0, 1,0.89962825, 4
75762,2,3,*7,*0,  3, 0,2,0,0,0, 0,0.74619289, 8
75766,1,3,1,1,*  0, 0,0,0,0,0, 0,0.83870968,14
75951,2,4,1,*0, 11, 0,0,0,0,0, 1,0.85361842,* 2
76008,1,3,4,1, 66, 1,1,2,0,0,* 7,0.79185520,51
76010,1,3,*3,1,  5, 0,3,2,0,0, 0,0.90909091,14
76029,1,3,*3,1, 12, 0,0,0,0,0, 0,0.90172414,28
76067,2,3,*7,1, 22, 0,1,1,0,*2, 1,0.66666667, 7
76093,1,3,7,1, 10, 1,0,1,0,*2, 1,0.78947368, 5
76111,1,3,*7,1, 21, 3,1,1,0,1, 1,0.57142857, 7
76147,1,4,1,1,  7, 0,0,1,*1,0, 0,0.89667897, 4
76148,2,4,1,1,  4, 0,1,0,*1,0, 0,0.76543210,* 1
76253,2,4,1,1,  5, 0,1,0,*1,0,* 0,0.81102362,11
76266,2,3,*3,1, 11,* 2,0,0,0,0, 0,0.75000000, 7
76287,1,3,1,1,  9,* 2,1,1,0,0, 1,0.78438662, 3
76291,1,3,1,1, 12,* 2,0,2,0,0, 1,0.60000000, 7
76292,1,*5,1,1,  1, 0,0,1,0,0, 1,0.71428571, 4
76301,1,3,1,1,  8, 0,0,3,0,0, 2,*0.25000000, 6
76340,1,*1,4,1,  3, 1,0,2,0,0, 1,0.71428571, 3
76345,3,4,*3,1, 11, 0,2,2,*1,0, 1,*0.25000000, 6
76347,6,*4,*4,1, 35,* 1,0,*4,*1,0, 2,*0.89705882, 5
76350,1,5,1,1,  8, 0,*5,3,0,0, 1,0.62500000, 3
76351,2,*1,1,0,  1, 1,1,0,0,0, 0,*0.30769231, 8
76444,2,4,*3,1, 14, 0,0,1,0,0, 1,*0.92857143,11
76446,1,4,*6,0, 10, 1,0,0,0,0, 1,0.85409836, 8
76448,1,3,*6,1,  8, 0,0,1,0,0, 1,0.57142857, 3
76453,1,3,*6,1, 15, 0,0,1,0,0, 1,0.75000000, 3
76554,2,4,*3,1, 54, 0,0,2,0,0, 1,0.55660377,* 1
77235,1,3,*3,1, 30, 0,0,2,0,0, 1,0.78947368,13
77263,2,3,*7,1, 20,* 2,1,1,0,0, 1,0.78545455, 5
77400,2,4,1,1,  6, 1,0,2,*1,0, 1,*0.95104895, 3
78214,1,3,1,1, 56, 1,2,1,0,0, 1,*0.94845361, 3
78224,2,*2,1,1,  7, 0,2,2,*1,1, 3,0.60000000,12
78226,1,4,*3,1,  6, 0,1,1,0,0, 1,0.85203252, 5
78228,1,4,*3,1,  6, 0,0,1,0,0, 0,0.85203252, 5
78260,1,3,*3,1, 10, 0,0,2,0,1, 1,0.89743590,15
78263,1,4,*3,1,  9, 0,0,1,0,0, 0,0.85365854, 3
78264,1,3,*6,0,  1, 0,1,0,0,0, 0,0.50000000, 8
78265,4,*4,1,1,  8, 0,*1,*4,*1,0, 1,0.89743590, 4
78266,1,4,1,1,  9, 0,1,0,*1,0, 2,0.90109890, 4
78307,2,*5,1,1,  8, 1,1,1,0,0, 1,0.65789474,* 1
78321,2,4,*2,0, 26, 0,1,1,0,0, 6,*0.00000000, 8
78325,1,3,1,1,  5, 0,1,0,0,0, 0,0.66666667,* 2
78364,3,4,*2,1,  4,* 2,0,1,*1,0, 1,0.84090909, 6
78375,1,4,4,1, 18, 0,0,3,*1,1, 0,0.85714286, 4
78379,1,3,1,1,  9, 0,1,2,0,0, 1,*0.94736842, 6
78513,1,4,1,1,  8, 0,1,2,0,0, 1,*0.94736842, 6
79707,1,3,1,1,  9, 0,0,1,0,*1, 0,0.73809524, 7
79716,1,4,1,1,  4, 1,1,1,0,0, 1,0.88235294,*92
79722,1,4,*6,1, 14, 0,0,3,0,0, 1,0.92307692, 2
79725,2,3,1,1,  7,* 2,1,0,0,1, 1,0.62500000,* 2
79786,1,*5,1,1,  7, 0,1,1,0,0, 1,0.84210526,10
79787,1,*5,1,1,  7, 0,1,1,0,0, 1,0.84210526, 8
79789,1,4,1,1, 14, 0,1,2,*1,0, 2,0.85526316, 8
79793,1,*5,1,1,  5, 0,2,2,0,0, 0,0.86879433,13
79832,2,4,4,1,  3,* 2,0,1,*1,0, 1,0.84090909,12
79976,1,4,*3,1,  3, 0,0,1,0,0, 1,0.60752688,16
79992,1,3,*7,1,  1, 1,1,3,0,0, 1,0.70833333,14
79994,2,3,*3,1,  6,* 2,0,2,0,0, 1,0.77083333,13
79997,1,4,*2,1, 16, 1,0,2,0,0, 1,0.89403974,18
79998,1,3,1,1,  2, 1,0,1,0,0, 1,*0.94736842, 6
80005,2,*2,1,1, 16, 0,*4,3,0,0, 1,0.62500000, 6
80019,2,*5,*3,1, 24, 0,1,1,1,0, 1,0.43750000,10
80049,1,4,4,1,  5, 1,0,0,*1,0, 1,0.55913978, 8
80066,1,3,*3,1, 13, 0,0,2,0,0, 1,0.66666667,14
80071,1,3,1,1,  6, 0,1,1,0,0, 1,*0.94791667, 3
80073,1,*5,1,1,  9, 0,0,1,0,0, 0,0.89403974,18
80074,1,*5,1,1, 18, 0,0,1,0,0, 0,0.89473684,18
80082,2,3,*3,1,  8,* 2,3,3,0,0, 2,0.78947368,13
80114,1,*4,7,1, 15, 0,0,2,0,0, 3,0.84507042,16
80622,2,4,*2,0,*  0, 0,0,0,0,0, 0,0.81927711, 8
80641,3,3,*3,1,*  0,* 2,1,1,0,0, 2,0.82758621,15
81321,1,*4,1,1,  3, 0,2,2,0,0, 0,0.86572438,12
81369,5,*4,*2,*1,  1, 0,1,1,0,0, 0,*0.88235294,*92
81376,4,*4,*7,1,  1, 0,1,1,0,0, 0,*0.88235294,*92
81381,1,3,7,1,  2, 0,0,*5,0,0, 1,0.66071429,18
81383,6,*5,*4,1,  6, 0,0,*4,*1,0, 1,*0.42857143,* 6
81418,2,3,*4,1,  9, 0,0,3,0,*1, 1,0.85621971,17
81472,2,3,*7,*0,  6, 1,0,0,0,0, 0,0.70370370, 7
81501,1,3,4,1, 23, 0,0,1,0,0, 0,*0.95563140, 3
81517,1,3,*3,1, 13, 0,0,2,0,0, 1,0.66666667,14
81522,3,*3,*3,1, 24, 0,0,3,*2,0, 1,0.84659091,14
81594,2,3,*4,0, 10, 0,0,0,0,0,* 6,0.83994126,10
81671,2,3,7,1, 57, 0,0,*0,0,0,* 8,0.84581498,11
81693,1,3,1,1, 11, 1,1,3,0,0, 1,*0.28571429, 7
81705,1,3,1,0,  9,* 2,1,0,0,0, 0,0.50000000, 8
81912,4,3,1,*0, 46,* 2,1,0,*1,0, 3,0.84166667,* 4
81922,1,*2,1,1, 41, 1,1,4,1,0, 4,0.65789474, 7
81929,1,*2,1,1, 71, 1,1,3,1,0, 5,0.69230769, 8
82002,3,*4,7,1,  6, 0,0,*0,0,0,* 8,0.84581498,11
82003,2,*2,1,0,  4,* 2,1,0,0,0, 0,0.66666667, 8
82025,1,*5,4,0,  1, 0,0,2,0,0, 1,0.51666667, 8
82212,5,*4,*2,*1,  1, 0,1,1,0,0, 0,*0.85294118,*92
82240,2,*4,*7,1, 21, 0,0,1,0,0, 1,0.85714286, 9
82242,5,*5,1,1,  7, 0,*2,2,*1,0, 0,*0.86971831,*11
82247,1,*5,1,1,  9, 0,2,2,1,0, 0,0.86805556,15
82273,1,3,1,1, 44, 1,*4,3,0,1, 2,0.50000000, 3
82275,1,*5,1,1,  2, 0,1,1,0,0, 0,0.56250000, 7
82307,1,3,*3,1, 58, 1,0,1,0,0, 1,0.89743590,15
